ssn,email,phone,medical_record_numbers,account_numbers,certificate_license_numbers,vehicle_identifiers_serial_numbers,device_identifiers_serial_numbers,ip_address_numbers,passport_number,visa_permits_number,drivers_license_number,vehicle_registration_plate_number,credit_debit_card_number,pan_card,adhar_card,insurance_policy_number,health_plan_beneficiary_numbers
865-50-6891,davidcrystal@example.net,753-219-3561x468,MR5372013828,ACC7277329392,LIC3819562568,VIN0690631751,DEV3557323310,170.24.11.205,PP8034759599,VISA8158554278,DL6829656393,XYZ5682,4574807471958,ABCDE7297F,396158934161,INS2934387154,HPBN1471203462
042-34-8377,rfischer@example.com,+1-753-860-6842x4041,MR4973267144,ACC6092376597,LIC0040900294,VIN8976740533,DEV4308494627,221.155.94.32,PP2127490475,VISA0382320688,DL0346655991,XYZ5127,2224768961674312,ABCDE2986F,844950103702,INS3188109858,HPBN2414804361
498-52-4970,alexander44@example.net,9435245812,MR6188659112,ACC1898513710,LIC0978048001,VIN7540447210,DEV1101341490,177.54.196.16,PP3225790387,VISA8733507858,DL7296144244,XYZ6215,676328009672,ABCDE2889F,227917420599,INS6275462582,HPBN9117010265
489-46-9559,veronica36@example.org,001-299-416-4040,MR4379337393,ACC7027312699,LIC6238531984,VIN1372089622,DEV3138801587,125.215.182.61,PP2786796731,VISA0792765895,DL2346039880,XYZ9566,501833472209,ABCDE8209F,375933264391,INS4044016057,HPBN3339706251
